순서,구절,주제
1,시편 2:8,소망과 열방
2,출애굽기 34:6,하나님은 어떤 분이신가
3,여호수아 1:9,두려움과 위로
4,잠언 3:5,믿음과 신뢰
5,요한복음 13:34,사랑과 공동체
6,미가 6:8,말씀대로 사는 삶
7,창세기 12:2,소망과 열방
8,시편 145:8,하나님은 어떤 분이신가
9,신명기 31:8,두려움과 위로
10,잠언 3:6,믿음과 신뢰
11,요한복음 13:35,사랑과 공동체
12,여호수아 24:15,말씀대로 사는 삶
13,창세기 28:15,소망과 열방
14,시편 145:18,하나님은 어떤 분이신가
15,시편 23:1,두려움과 위로
16,잠언 16:3,믿음과 신뢰
17,요한복음 15:5,사랑과 공동체
18,시편 1:1,말씀대로 사는 삶
19,시편 67:2,소망과 열방
20,시편 103:8,하나님은 어떤 분이신가
21,시편 23:4,두려움과 위로
22,잠언 16:9,믿음과 신뢰
23,요한복음 15:12,사랑과 공동체
24,시편 119:105,말씀대로 사는 삶
25,시편 96:3,소망과 열방
26,시편 103:13,하나님은 어떤 분이신가
27,시편 27:1,두려움과 위로
28,시편 37:4,믿음과 신뢰
29,요한복음 15:13,사랑과 공동체
30,시편 119:11,말씀대로 사는 삶
31,이사야 6:8,소망과 열방
32,시편 100:5,하나님은 어떤 분이신가
33,시편 34:18,두려움과 위로
34,시편 37:5,믿음과 신뢰
35,고린도전서 13:4,사랑과 공동체
36,시편 51:10,말씀대로 사는 삶
37,이사야 9:6,소망과 열방
38,시편 136:1,하나님은 어떤 분이신가
39,시편 46:1,두려움과 위로
40,시편 18:2,믿음과 신뢰
41,고린도전서 13:13,사랑과 공동체
42,시편 19:14,말씀대로 사는 삶
43,이사야 43:19,소망과 열방
44,시편 90:2,하나님은 어떤 분이신가
45,시편 46:10,두려움과 위로
46,히브리서 11:1,믿음과 신뢰
47,고린도전서 16:14,사랑과 공동체
48,시편 90:12,말씀대로 사는 삶
49,이사야 49:6,소망과 열방
50,시편 139:1,하나님은 어떤 분이신가
51,시편 55:22,두려움과 위로
52,히브리서 11:6,믿음과 신뢰
53,로마서 12:10,사랑과 공동체
54,시편 118:24,말씀대로 사는 삶
55,이사야 52:7,소망과 열방
56,시편 139:14,하나님은 어떤 분이신가
57,시편 56:3,두려움과 위로
58,히브리서 12:2,믿음과 신뢰
59,로마서 12:15,사랑과 공동체
60,잠언 1:7,말씀대로 사는 삶
61,이사야 60:1,소망과 열방
62,예레미야애가 3:22,하나님은 어떤 분이신가
63,시편 62:1,두려움과 위로
64,로마서 8:28,믿음과 신뢰
65,로마서 13:8,사랑과 공동체
66,잠언 4:23,말씀대로 사는 삶
67,하박국 2:14,소망과 열방
68,이사야 40:28,하나님은 어떤 분이신가
69,시편 91:1,두려움과 위로
70,로마서 8:31,믿음과 신뢰
71,로마서 15:7,사랑과 공동체
72,잠언 9:10,말씀대로 사는 삶
73,스가랴 4:6,소망과 열방
74,이사야 55:8,하나님은 어떤 분이신가
75,시편 121:2,두려움과 위로
76,로마서 8:37,믿음과 신뢰
77,갈라디아서 5:13,사랑과 공동체
78,잠언 15:1,말씀대로 사는 삶
79,마태복음 24:14,소망과 열방
80,이사야 6:3,하나님은 어떤 분이신가
81,시편 121:8,두려움과 위로
82,로마서 10:17,믿음과 신뢰
83,갈라디아서 6:2,사랑과 공동체
84,잠언 22:6,말씀대로 사는 삶
85,마태복음 28:19,소망과 열방
86,말라기 3:6,하나님은 어떤 분이신가
87,시편 147:3,두려움과 위로
88,로마서 1:17,믿음과 신뢰
89,에베소서 4:2,사랑과 공동체
90,전도서 3:1,말씀대로 사는 삶
91,마태복음 28:20,소망과 열방
92,요한복음 1:14,하나님은 어떤 분이신가
93,이사야 40:31,두려움과 위로
94,갈라디아서 2:20,믿음과 신뢰
95,에베소서 4:32,사랑과 공동체
96,전도서 12:13,말씀대로 사는 삶
97,마가복음 16:15,소망과 열방
98,요한복음 3:16,하나님은 어떤 분이신가
99,이사야 41:10,두려움과 위로
100,에베소서 2:8,믿음과 신뢰
101,골로새서 3:13,사랑과 공동체
102,마태복음 5:14,말씀대로 사는 삶
103,사도행전 1:8,소망과 열방
104,요한복음 4:24,하나님은 어떤 분이신가
105,이사야 43:2,두려움과 위로
106,마가복음 9:23,믿음과 신뢰
107,골로새서 3:14,사랑과 공동체
108,마태복음 5:16,말씀대로 사는 삶
109,사도행전 20:24,소망과 열방
110,요한복음 10:11,하나님은 어떤 분이신가
111,예레미야 29:11,두려움과 위로
112,마가복음 11:24,믿음과 신뢰
113,빌립보서 2:3,사랑과 공동체
114,마태복음 7:12,말씀대로 사는 삶
115,로마서 1:16,소망과 열방
116,요한복음 11:25,하나님은 어떤 분이신가
117,마태복음 11:28,두려움과 위로
118,마태복음 6:33,믿음과 신뢰
119,빌립보서 2:4,사랑과 공동체
120,마태복음 22:37,말씀대로 사는 삶
121,로마서 10:15,소망과 열방
122,요한복음 14:6,하나님은 어떤 분이신가
123,요한복음 14:27,두려움과 위로
124,마태복음 6:34,믿음과 신뢰
125,히브리서 10:24,사랑과 공동체
126,누가복음 9:23,말씀대로 사는 삶
127,로마서 15:13,소망과 열방
128,로마서 5:8,하나님은 어떤 분이신가
129,요한복음 16:33,두려움과 위로
130,마태복음 7:7,믿음과 신뢰
131,히브리서 10:25,사랑과 공동체
132,로마서 12:1,말씀대로 사는 삶
133,고린도후서 4:16,소망과 열방
134,로마서 11:36,하나님은 어떤 분이신가
135,고린도후서 12:9,두려움과 위로
136,빌립보서 4:13,믿음과 신뢰
137,베드로전서 4:8,사랑과 공동체
138,로마서 12:2,말씀대로 사는 삶
139,고린도후서 4:18,소망과 열방
140,요한일서 4:8,하나님은 어떤 분이신가
141,베드로전서 5:7,두려움과 위로
142,빌립보서 1:6,믿음과 신뢰
143,요한일서 3:18,사랑과 공동체
144,로마서 12:12,말씀대로 사는 삶
145,고린도후서 5:20,소망과 열방
146,야고보서 1:17,하나님은 어떤 분이신가
147,빌립보서 4:6,두려움과 위로
148,고린도후서 5:7,믿음과 신뢰
149,요한일서 4:7,사랑과 공동체
150,로마서 12:21,말씀대로 사는 삶
151,에베소서 3:20,소망과 열방
152,히브리서 13:8,하나님은 어떤 분이신가
153,요한계시록 21:4,두려움과 위로
154,요한복음 20:29,믿음과 신뢰
155,요한일서 4:19,사랑과 공동체
156,고린도전서 10:31,말씀대로 사는 삶
157,빌립보서 3:14,소망과 열방
158,요한계시록 1:8,하나님은 어떤 분이신가
159,야고보서 1:5,믿음과 신뢰
160,전도서 4:12,사랑과 공동체
161,고린도후서 5:17,말씀대로 사는 삶
162,빌립보서 3:20,소망과 열방
163,시편 133:1,사랑과 공동체
164,갈라디아서 6:9,말씀대로 사는 삶
165,디모데후서 4:2,소망과 열방
166,잠언 17:17,사랑과 공동체
167,에베소서 5:16,말씀대로 사는 삶
168,디모데후서 4:7,소망과 열방
169,마태복음 18:20,사랑과 공동체
170,골로새서 3:23,말씀대로 사는 삶
171,히브리서 11:13,소망과 열방
172,데살로니가전서 5:18,말씀대로 사는 삶
173,히브리서 12:1,소망과 열방
174,디모데후서 3:16,말씀대로 사는 삶
175,베드로전서 1:3,소망과 열방
176,야고보서 1:22,말씀대로 사는 삶
177,베드로전서 2:9,소망과 열방
178,야고보서 4:8,말씀대로 사는 삶
179,베드로전서 2:11,소망과 열방
180,베드로전서 3:15,소망과 열방
181,요한계시록 7:9,소망과 열방
182,요한계시록 21:5,소망과 열방
183,요한계시록 22:20,소망과 열방
